01	GTCAACCA	GCATGCAA
02	TTCTGGTT	AGGCCTTG
03	CCGCAACG	CTCGAACC
04	CTAGGACC	TATATTGA
05	GCATGGTT	AACCAACG
06	AGGCCAAG	GCATTGGT
07	TACGTAGC	CTGAGCAT
08	AGTTATAA	GGTTAGTC
09	TGGCGGTT	AACCGAAC
10	AGCTCCAA	TGGAAGGT
11	AACCGGTT	ATAGCTTG
12	GTTGCAAC	GCAGTCCA
13	CTCATTGC	CAGACCTT
14	TATATAGT	CCAGCTGG
15	AGAGAGCC	TTGAGACC
16	ATATTCTG	TCCGTATA
17	GCTAACGC	GGTAGTTG
18	CGCGGTCG	CCAGAAGC
19	GAGCCTCC	TCGTTCGA
20	AAGTTCGT	CGACGTAG
21	CCTGGTAT	AACTACCT
22	TTCAAGCC	CGTATTGC
23	CATCCTAA	AACCTCAG
24	TGAGGATT	TTATCGTC
25	TAACGAAG	AAGAACCA
26	GCGTCGGC	CGCGGTTG
27	ACTTCGTT	GATCCAAT
28	GGAGCCAA	GTCTTGGC
29	CCGACGAA	GCTGGTCA
30	GCGTTCGG	AAGAAGAC
31	ATACTTGA	CGTTCGCT
32	TATAACTC	AGACCAAT
33	CTGATAAG	GGTCGGCG
34	CCATTCTT	TCCTTGCA
35	GAGAATAC	TCTGCCTT
36	TTCCGTCT	TTGGCAGA
